No.,Staff ID,Staff Name,Designation,Faculty,Staff Category,Publication Area,Keywords 1,Keywords 2,Keywords 3,Keywords 4,Keywords 5,Type of Publication,Sub-type of Application,In UTAR's Name,Title of Publication,WOS,Scopus,??????????,CSSCI/CSTPCD,Other Rank,Role,Author 1,Affiliation 1,Author 2,Affiliation 2,Author 3,Affiliation 3,Author 4,Affiliation 4,Author 5,Affiliation 5,Journal Status,Name of Journal,Volume,Publication Date,Publisher/Organizer,Research Centre,Part/Chapter,Page(s),Listed in Database,Other Database,ISSN No.,D.O.I / Link,Date Submitted
1,? 16072,Hum Yan Chai,Associate Professor,LKC FES,Academic,MEDICAL AND HEALTH SCIENCES,Holistic contrast enhancement,Carpals ossification sites,Skeletal age assessment system,,,JOURNAL ARTICLE,JOURNAL WITH THOMSON SCIENTIFIC CITATION INDEX,Yes,HOLISTIC CONTRAST ENHANCEMENT OF CARPALS OSSIFICATION SITES FOR SKELETAL AGE ASSESSMENT SYSTEM,,,,,,CO_AUTHOR,Liang Kim Meng,"Department of Engineering, Biomedical Engineering Department, University Malaya",Hum Yan Chai,"Department of Mechatronics and biomedical Engineering, UTAR",,,,,,,ACCEPTED,THE JOURNAL OF ENGINEERING,10,Jul-17,IET,CHST,,From 1049 To 1054,ISI Web of Science,,2051-3305,http://digital-library.theiet.org/content/journals/10.1049/joe.2017.0216,30/5/2018
2,? 16072,Hum Yan Chai,Associate Professor,LKC FES,Academic,MEDICAL AND HEALTH SCIENCES,Edge detection,Magnetic resonance images,Non-local means,Canny edge detector,,JOURNAL ARTICLE,JOURNAL WITH THOMSON SCIENTIFIC CITATION INDEX,Yes,GLOBAL CANNY ALGORITHM BASED ON CANNY EDGE DETECTOR FRAMEWORK IN MAGNETIC RESONANCE IMAGING,,,,,,CO_AUTHOR,Tengku Ahmad Iskandar Tengku Alang,"Biomedical Engineering Department, Universiti Teknologi Malaysia",Tan Tian Swee,"Biomedical Engineering Department, Universiti Teknologi Malaysia",Hum Yan Chai,"Department of Mechatronics and Biomedical Engineering, UTAR",,,,,PUBLISHED,MALAYSIAN JOURNAL OF FUNDAMENTAL & APPLIED SCIENCES,13,Dec-17,UTM PRESS,CHST,4-Feb,From 761 To 765,ISI Web of Science,,1823-626X,https://mjfas.utm.my/index.php/mjfas/article/view/761,30/5/2018
3,? 16072,Hum Yan Chai,Associate Professor,LKC FES,Academic,MEDICAL AND HEALTH SCIENCES,Hyperthermia therapy monitoring,,,,,JOURNAL ARTICLE,JOURNAL WITH THOMSON SCIENTIFIC CITATION INDEX,Yes,HYPERTHERMIA THERAPY MONITORING WITH GUIDANCE OF B-MODE ULTRASOUND: STUDY ON RAT BREAST TUMOR TISSUE,,,,,,CO_AUTHOR,MNC Aziz,"Biomedical Engineering Department, University Teknologi Malaysia",Hum Yan Chai,"Department of Mechatronics and biomedical Engineering, UTAR",Maheza Irna Mohamad Salim,"Biomedical Engineering Department, University Teknologi Malaysia",,,,,PUBLISHED,MALAYSIAN JOURNAL OF FUNDAMENTAL & APPLIED SCIENCES,13,Dec-17,UTM PRESS,CHST,4-Feb,From 818 To 822,ISI Web of Science,,1823-626X,https://mjfas.utm.my/index.php/mjfas/article/view/818,30/5/2018
4,? 16072,Hum Yan Chai,Associate Professor,LKC FES,Academic,MEDICAL AND HEALTH SCIENCES,Anomalies Detection,Breast Tumor,Computer-Aided Analysis,Thermography Image,Image Processing,JOURNAL ARTICLE,JOURNAL WITH THOMSON SCIENTIFIC CITATION INDEX,Yes,TEXTURE SIMILARITY ANALYSIS OF BREAST ABNORMALITIES IN INFRARED THERMAL IMAGE,,,,,,CO_AUTHOR,Norlailah Lanisa,"Department of Engineering, Biomedical Engineering Department, University Malaya",Hum Yan Chai,"Department of Mechatronics and biomedical Engineering, UTAR",,,,,,,ACCEPTED,JOURNAL OF MEDICAL IMAGING AND HEALTH INFORMATICS,7,Dec-17,AMERICAN SCIENTIFIC PUBLISHERS,CHST,6,From 1830 To 1836,ISI Web of Science,,2156-7026,http://www.ingentaconnect.com/content/asp/jmihi/2017/00000007/00000008/art00022,30/5/2018
5,? 16072,Hum Yan Chai,Associate Professor,LKC FES,Academic,MEDICAL AND HEALTH SCIENCES,YAG laser,,,,,JOURNAL ARTICLE,JOURNAL WITH THOMSON SCIENTIFIC CITATION INDEX,Yes,EFFECT OF DIFFERENT PARAMETERS OF ND: YAG LASER IRRADIATION ON SELF ETCHING PRIMER,,,,,,CO_AUTHOR,Noorsyazwani Binti Zulkifli,"Department of Engineering, Biomedical Engineering Department, University Malaya",Hum Yan Chai,"Department of Mechatronics and biomedical Engineering, UTAR",,,,,,,PUBLISHED,JOURNAL OF MEDICAL IMAGING AND HEALTH INFORMATICS,8,Mar-18,AMERICAN SCIENTIFIC PUBLISHERS,CHST,3,From 444 To 451,ISI Web of Science,,2156-7018,https://www.ingentaconnect.com/contentone/asp/jmihi/2018/00000008/00000003/art00006,30/5/2018
6,? 16072,Hum Yan Chai,Associate Professor,LKC FES,Academic,INFORMATION AND COMMUNICATION TECHNOLOGY,Sound Recovery,Video Compression Techniques,,,,CONFERENCE PROCEEDINGS,FOREIGN CONFERENCE PROCEEDINGS,Yes,STUDY THE EFFECT OF COMMONLY USED VIDEO COMPRESSION TECHNIQUES ON SOUND RECOVERY VIA NEGLIGIBLE OBJECT VIBRATIONS FOR VISUAL SURVEILLANCE SYSTEM,,,,,N/A,CO-AUTHOR,Lee Siew Ying,Universiti Tunku Abdul Rahman,Tee Yee Kai,Universiti Tunku Abdul Rahman,Yap Wun Shee,Universiti Tunku Abdul Rahman,Kwan Ban Hoe,Universiti Tunku Abdul Rahman,Goi Bok Min,Universiti Tunku Abdul Rahman,ACCEPTED,PROCEEDINGS OF THE 2ND INTERNATIONAL CONFERENCE ON ADVANCES IN IMAGE PROCESSING ISSN,,Jun-18,ACM,CHST,,From To,1) Scopus 2) Ei Compendex,,,,30/5/2019
7,? 16072,Hum Yan Chai,Associate Professor,LKC FES,Academic,MEDICAL AND HEALTH SCIENCES,Detection of Osteoarthritis,,,,,JOURNAL ARTICLE,INTERNATIONALLY REFEREED JOURNAL,Yes,NOVEL APPROACH TO NON-INVASIVE DETECTION OF OSTEOARTHRITIS USING CAPACITIVE TRI-AXIAL ACCELEROMETERS,Q4,Q4,,,,CO-AUTHOR,"Golshan, Farshad",Universiti Malaya,Lai Khin Wee,Universiti Malaya,"Pingguan-Murphy, Belinda",University Malaya,,,,,ACCEPTED,JOURNAL OF MEDICAL IMAGING AND HEALTH INFORMATICS,8,Aug-18,AMERICAN SCIENTIFIC PUBLISHERS,CHST,6,From 1176 To 1185,1) Science Citation Index Expanded (SCIE) 2) Scopus,,2156-7018,,30/5/2019
8,? 16072,Hum Yan Chai,Associate Professor,LKC FES,Academic,INFORMATION AND COMMUNICATION TECHNOLOGY,computer vision,medical imaging,machine learning,,,JOURNAL ARTICLE,INTERNATIONALLY REFEREED JOURNAL,Yes,CARPAL BONE SEGMENTATION USING FULLY CONVOLUTIONAL NEURAL NETWORK,Q4,Q4,,,,CO-AUTHOR,LIANG KIM MENG,UM,LAI KHIN WEE,UM,,,,,,,PUBLISHED,CURRENT MEDICAL IMAGING REVIEWS,15,Jul-19,CURRENT MEDICAL IMAGING,CHST,,From 983 To 989,1) Science Citation Index (SCI) 2) Scopus,,1573-4056,Https://DOI.ORG/10.2174/1573405615666190724101600,24/5/2020
9,? 16072,Hum Yan Chai,Associate Professor,LKC FES,Academic,INFORMATION AND COMMUNICATION TECHNOLOGY,computer vision,medical imaging,machine learning,,,CONFERENCE PROCEEDINGS,LOCAL CONFERENCE PROCEEDINGS,Yes,THE DESIGN AND DEVELOPMENT OF AUTOMATED KNEE CARTILAGE SEGMENTATION FRAMEWORK,,,,,,CO-AUTHOR,Nyee Wen Jet,UTAR,Hum Yan Chai,UTAR,Tee Yee Kai,UTAR,Chai Tong Yuen,UTAR,,,PUBLISHED,2019 IEEE INTERNATIONAL CONFERENCE ON SIGNAL AND IMAGE PROCESSING APPLICATIONS (ICSIPA),,Sep-19,IEEE,CHST,,From To,1) Scopus,,,DOI: 10.1109/ICSIPA45851,22/5/2020
10,? 16072,Hum Yan Chai,Associate Professor,LKC FES,Academic,INFORMATION AND COMMUNICATION TECHNOLOGY,computer vision,medical imaging,,,,JOURNAL ARTICLE,INTERNATIONALLY REFEREED JOURNAL,Yes,ANALYSIS OF MODEL-BASED AND MODEL-FREE CEST EFFECT QUANTIFICATION METHODS FOR DIFFERENT MEDICAL APPLICATIONS,Q2,Q1,,,,CO-AUTHOR,Tee Yee Kai,UTAR,Yap Wun Shee,UTAR,HANANI ABDUL MANAN,UKM,LEE SZE FOO,UTAR,,,PUBLISHED,JOURNAL OF MAGNETIC RESONANCE,310,Jan-20,JOURNAL OF MAGNETIC RESONANCE,CHST,6,From 10664 To 10668,1) Science Citation Index (SCI) 2) Scopus 3) ScienceDirect,,1090-7807,https://doi.org/10.1016/j.jmr.2019.106648,24/5/2020
11,? 16072,Hum Yan Chai,Associate Professor,LKC FES,Academic,"ENGINEERING, GREEN TECHNOLOGY",computer vision,medical imaging,,,,JOURNAL ARTICLE,INTERNATIONALLY REFEREED JOURNAL,Yes,SPECKLE NOISE DIFFUSION IN KNEE ARTICULAR CARTILAGE ULTRASOUND IMAGES,Q4,Q3,,,,3RD AUTHOR,Muhammad A Shoaib,Universiti Malaysia,Md Belayet Hossain,Universiti Malaysia,Yan Chai Hum,Universiti Tunku Abdul Rahman,Joon Huang Chuah,Universiti Malaysia,Maheza Irna Mohd Salim,Universiti Teknologi Malaysia,PUBLISHED,CURRENT MEDICAL IMAGING,16,Jul-20,BENTHAM SCIENCE PUBLISHERS,CHST,6,From 739 To 751,1) Science Citation Index (SCI) 2) Scopus,,1573-4056,https://doi.org/10.2174/1573405615666190903143330,20/4/2021
12,? 16072,Hum Yan Chai,Associate Professor,LKC FES,Academic,"ENGINEERING, GREEN TECHNOLOGY",Artificial Intelligence,Denoising,,,,CONFERENCE PROCEEDINGS,FOREIGN CONFERENCE PROCEEDINGS,Yes,IMPROVING THE QUALITY OF SOUND RECOVERED USING THE VISUAL MICROPHONE WITH FRAME-WISE IMAGE DENOISING PREPROCESSING,,Q4,,,,CO-AUTHOR,Ren-Jun Choong,Universiti Tunku Abdul Rahman,Wun-She Yap,Universiti Tunku Abdul Rahman,Hum Yan Chai,Universiti Tunku Abdul Rahman,Tee Yee Kai,Universiti Tunku Abdul Rahman,,,PUBLISHED,JOURNAL OF PHYSICS: CONFERENCE SERIES,1627,Aug-20,IOP PUBLISHING,CHST,6,From 01202 To 01202,1) Science Citation Index (SCI) 2) Science Citation Index Expanded (SCIE) 3) Emerging Sources Citation Index 4) Scopus,,1742-6588,https://iopscience.iop.org/article/10.1088/1742-6596/1627/1/012024/pdf,20/4/2021
13,? 16072,Hum Yan Chai,Associate Professor,LKC FES,Academic,"ENGINEERING, GREEN TECHNOLOGY",computer vision,medical imaging,,,,JOURNAL ARTICLE,INTERNATIONALLY REFEREED JOURNAL,Yes,PROMINENT REGION OF INTEREST CONTRAST ENHANCEMENT FOR KNEE MR IMAGES: DATA FROM THE OAI,,,,,N/A,SUBSEQUENT AUTHOR,Joyce Sia Sin Yin,Universiti Teknologi Malaysia,"Tan Tian Swee,",Universiti Teknologi Malaysia,Azli Bin Yahya,Universiti Teknologi Malaysia,Matthias Tiong Foh Thye,Universiti Teknologi Malaysia,Kelvin Ling Chia Hiik,Universiti Teknologi Malaysia,PUBLISHED,JURNAL KEJURUTERAAN,32,Aug-20,PENERBIT UKM,CHST,3,From 501 To 511,1) Emerging Sources Citation Index,,0128-0198,http://www.ukm.my/jkukm/wp-content/uploads/2020/3203/15.pdf,30/5/2021
14,? 16072,Hum Yan Chai,Associate Professor,LKC FES,Academic,"ENGINEERING, GREEN TECHNOLOGY",Artificial Intelligence,,,,,CONFERENCE PROCEEDINGS,FOREIGN CONFERENCE PROCEEDINGS,Yes,REAL-TIME BABY CRYING DETECTION IN THE NOISY EVERYDAY ENVIRONMENT,,,,,N/A,CO-AUTHOR,Lee Sze Foo,Universiti Tunku Abdul Rahman,Wun-She Yap,", Wun-She Yap, Yan Chai Hum,",Hum Yan Chai,Universiti Tunku Abdul Rahman,Zulaikha Kadim,Mimos Berhad,Hock Woon Hon,Mimos Berhad,PUBLISHED,2019 IEEE INTERNATIONAL CONFERENCE ON SIGNAL AND IMAGE PROCESSING APPLICATIONS (ICSIPA),,Aug-20,IEEE,CHST,,From To,1) Science Citation Index (SCI) 2) Scopus,,978146732,http://conference.researchbib.com/view/event/115381,20/4/2021
15,? 16072,Hum Yan Chai,Associate Professor,LKC FES,Academic,"ENGINEERING, GREEN TECHNOLOGY",computer vision,medical imaging,,,,JOURNAL ARTICLE,INTERNATIONALLY REFEREED JOURNAL,Yes,COMPARATIVE STUDY OF ENCODER-DECODER-BASED CONVOLUTIONAL NEURAL NETWORKS IN CARTILAGE DELINEATION FROM KNEE MAGNETIC RESONANCE IMAGES,Q4,Q3,,,,4TH AUTHOR,Ching Wai Yong,Universiti Malaysia,Khin Wee Lai,Universiti Malaysia,Belinda Pingguan Murphy,Universiti Malaysia,Hum Yan Chai,Universiti Tunku Abdul Rahman,,,ACCEPTED,CURRENT MEDICAL IMAGING,,Dec-20,BETHAM PUBLISHER,CHST,,From To,1) Science Citation Index (SCI) 2) Scopus,,1573-4056,,20/4/2021
16,? 16072,Hum Yan Chai,Associate Professor,LKC FES,Academic,"ENGINEERING, GREEN TECHNOLOGY",computer vision,medical imaging,,,,JOURNAL ARTICLE,INTERNATIONALLY REFEREED JOURNAL,Yes,KNEE OSTEOARTHRITIS SEVERITY CLASSIFICATION WITH ORDINAL REGRESSION MODULE,Q2,Q1,,,,4TH AUTHOR,Ching Wai Yong,Universiti Malaysia,Kareen Teo,Universiti Malaysia,Belinda Pingguan Murphy,Universiti Malaysia,Hum Yan Chai,Universiti Tunku Abdul Rahman,Yee Kai Tee,Universiti Tunku Abdul Rahman,PUBLISHED,MULTIMEDIA TOOLS AND APPLICATIONS,15,Jan-21,SPRINGER,CHST,3,From 145 To 155,1) Science Citation Index (SCI) 2) Science Citation Index Expanded (SCIE) 3) Emerging Sources Citation Index 4) Scopus,,1380-7501,https://link.springer.com/article/10.1007/s11042-021-10557-0,20/4/2021
17,? 16072,Hum Yan Chai,Associate Professor,LKC FES,Academic,MEDICAL AND HEALTH SCIENCES,Ischemic stroke,medical imaging,Amide proton transfer (APT),Chemical exchange saturation transfer (CEST),magnetic resonance imaging,JOURNAL ARTICLE,INTERNATIONALLY REFEREED JOURNAL,Yes,CLINICAL TRANSLATION OF AMIDE PROTON TRANSFER (APT) MRI FOR ISCHEMIC STROKE: A SYSTEMATIC REVIEW (2003?2020),Q2,Q2,,,,SUBSEQUENT AUTHOR,Lee Sze Foo,Universiti Tunku Abdul Rahman,George Harston,Oxford University,Amit Mehndiratta,Indian Institute of Technology Delhi,Wun-She Yap,Universiti Tunku Abdul Rahman,Lai Khin Wee,Universiti Malaya,ACCEPTED,QUANTITATIVE IMAGING IN MEDICINE AND SURGERY,,Mar-21,QUANTITATIVE IMAGING IN MEDICINE AND SURGERY,CHST,,From To,1) Science Citation Index (SCI) 2) Science Citation Index Expanded (SCIE) 3) Emerging Sources Citation Index 4) Scopus 5) ScienceDirect 6) Ei Compendex,,2223-4292,,29/5/2021
18,? 16072,Hum Yan Chai,Associate Professor,LKC FES,Academic,MEDICAL AND HEALTH SCIENCES,computer vision,image processing,,,,JOURNAL ARTICLE,INTERNATIONALLY REFEREED JOURNAL,Yes,STUDY OF COMMON QUANTIFICATION METHODS OF AMIDE PROTON TRANSFER MAGNETIC RESONANCE IMAGING FOR ISCHEMIC STROKE DETECTION,Q1,Q1,,,,SUBSEQUENT AUTHOR,Lee Sze Foo,Universiti Tunku Abdul Rahman,"James R Larkin, , , , Khin Wee Lai, Hanani Abdul Manan, Nicola R Sibson, Yee Kai Tee",University of Oxford,Brad A Sutherland,University of Tasmania,Kevin J Ray,University of Oxford,Wun?She Yap,Universiti Tunku Abdul Rahman,PUBLISHED,MAGNETIC RESONANCE IN MEDICINE,85,Apr-21,WILEY ONLINE LIBRARY,CHST,4,From 2188 To 2200,1) Science Citation Index (SCI) 2) Science Citation Index Expanded (SCIE) 3) Emerging Sources Citation Index 4) Scopus,,0740-3194,https://doi.org/10.1002/mrm.28565,20/4/2021
19,? 16072,Hum Yan Chai,Associate Professor,LKC FES,Academic,INFORMATION AND COMMUNICATION TECHNOLOGY,computer vision,medical imaging,,,,JOURNAL ARTICLE,INTERNATIONALLY REFEREED JOURNAL,Yes,CORSEGNET: DEEP NEURAL NETWORK FOR CORE OBJECT SEGMENTATION ON MEDICAL IMAGES,Q4,,,,,4TH AUTHOR,Ching Wai Yong,Universiti Malaysia,Kareen Teo,Universiti Malaysia,Belinda Pingguan Murphy,Universiti Malaysia,Hum Yan Chai,Universiti Tunku Abdul Rahman,Lai Khin Wee,Universiti Malaya,PUBLISHED,JOURNAL OF MEDICAL IMAGING AND HEALTH INFORMATICS,11,May-21,AMERICAN SCIENTIFIC PUBLISHERS,CHST,5,From 1364 To 1371,1) Science Citation Index (SCI) 2) Science Citation Index Expanded (SCIE) 3) Emerging Sources Citation Index 4) Scopus 5) ScienceDirect 6) Ei Compendex,,2156-7018,https://doi.org/10.1166/jmihi.2021.3380,15/5/2021
20,? 16072,Hum Yan Chai,Associate Professor,LKC FES,Academic,INFORMATION AND COMMUNICATION TECHNOLOGY,computer vision,image processing,,,,JOURNAL ARTICLE,INTERNATIONALLY REFEREED JOURNAL,Yes,THE DEVELOPMENT OF SKIN LESION DETECTION APPLICATION IN SMART HANDHELD DEVICES USING DEEP NEURAL NETWORKS,Q2,Q1,,,,1ST AUTHOR,Hum Yan Chai,Universiti Tunku Abdul Rahman,Tan Hou Ren,Universiti Tunku Abdul Rahman,Tee Yee Kai,Universiti Tunku Abdul Rahman,Yap Wun She,Universiti Tunku Abdul Rahman,Tan Tian Swee,Universiti Teknologi Malaysia,PUBLISHED,MULTIMEDIA TOOLS AND APPLICATIONS,,May-21,SPRINGER,CHST,,From 1 To 32,1) Science Citation Index (SCI) 2) Science Citation Index Expanded (SCIE) 3) Emerging Sources Citation Index 4) Scopus 5) Ei Compendex,,1380-7501,https://doi.org/10.1007/s11042-021-11013-9,13/5/2021
21,? 16072,Hum Yan Chai,Associate Professor,LKC FES,Academic,INFORMATION AND COMMUNICATION TECHNOLOGY,computer vision,image processing,machine learning,,,JOURNAL ARTICLE,INTERNATIONALLY REFEREED JOURNAL,Yes,THE DEVELOPMENT OF SKIN LESION DETECTION APPLICATION IN SMART HANDHELD DEVICES USING DEEP NEURAL NETWORKS,Q2,Q1,,,,1ST AUTHOR,Hum Yan Chai,Universiti Tunku Abdul Rahman,Tan Hou Ren,Universiti Tunku Abdul Rahman,Tee Yee Kai,Universiti Tunku Abdul Rahman,Yap Wun She,Universiti Tunku Abdul Rahman,Tan Tian Swee,Universiti Teknologi Malaysia,ACCEPTED,MULTIMEDIA TOOLS AND APPLICATIONS,,May-21,SPRINGER,CHST,,From To,1) Science Citation Index (SCI) 2) Science Citation Index Expanded (SCIE) 3) Social Sciences Citation Index (SSCI) 4) Emerging Sources Citation Index 5) Scopus 6) Ei Compendex,,1380-7501,,5/5/2021
22,? 16072,Hum Yan Chai,Associate Professor,LKC FES,Academic,INFORMATION AND COMMUNICATION TECHNOLOGY,Area measurement,Carpal bone,Image segmentation,Level set method,X-ray imaging,JOURNAL ARTICLE,INTERNATIONALLY REFEREED JOURNAL,Yes,X-RAY CARPAL BONE SEGMENTATION AND AREA MEASUREMENT,Q2,Q1,,,,3RD AUTHOR,Amir Faisal,Institut Teknologi Sumatera,"Azira Khalil,",Universiti Sains Islam Malaysia,Hum Yan Chai,Universiti Tunku Abdul Rahman,Khin Wee Lai,Universiti Malaysia,,,PUBLISHED,MULTIMEDIA TOOLS AND APPLICATIONS,,Jul-21,SPRINGER,CHST,,From 1 To 12,1) Science Citation Index (SCI) 2) Science Citation Index Expanded (SCIE) 3) Emerging Sources Citation Index 4) Scopus 5) ScienceDirect 6) Ei Compendex,,1380-7501,https://doi.org/10.1007/s11042-021-11281-5,5/11/2021
23,? 16072,Hum Yan Chai,Associate Professor,LKC FES,Academic,MEDICAL AND HEALTH SCIENCES,Electronic medical records,Neural networks ·,Readmission,Machine learning,,JOURNAL ARTICLE,INTERNATIONALLY REFEREED JOURNAL,Yes,CURRENT TRENDS IN READMISSION PREDICTION: AN OVERVIEW OF APPROACHES,Q3,Q1,,,,4TH AUTHOR,Kareen Teo,Universiti Malaysia,Ching Wai Yong,Universiti Malaysia,Joon Huang Chuah,Universiti Malaysia,Yan Chai Hum,Universiti Tunku Abdul Rahman,Yee Kai Tee,Universiti Tunku Abdul Rahman,PUBLISHED,ARABIAN JOURNAL FOR SCIENCE AND ENGINEERING,,Aug-21,SPRINGER,CHST,,From 1 To 18,1) Science Citation Index (SCI) 2) Science Citation Index Expanded (SCIE) 3) Emerging Sources Citation Index 4) Scopus 5) ScienceDirect 6) Ei Compendex,,2193-567X,https://doi.org/10.1007/s13369-021-06040-5,5/11/2021
24,? 16072,Hum Yan Chai,Associate Professor,LKC FES,Academic,MEDICAL AND HEALTH SCIENCES,Transcranial Electrical Motor Evoked,Potential Positive Functional Outcome Prediction,Decompressive Spine Surgery,Objective Interpretation,,JOURNAL ARTICLE,INTERNATIONALLY REFEREED JOURNAL,Yes,TRANSCRANIAL ELECTRICAL MOTOR EVOKED POTENTIAL IN PREDICTING POSITIVE FUNCTIONAL OUTCOME OF PATIENTS AFTER DECOMPRESSIVE SPINE SURGERY: REVIEW ON CHALLENGES AND RECOMMENDATIONS TOWARDS OBJECTIVE INTERPRETATION,Q2,Q2,,,,CORRESPONDING AUTHOR,Mohd Redzuan Jamaludin,Universiti Malaysia,Khin Wee Lai,Universiti Malaysia,Joon Huang Chuah,Universiti Malaysia,Muhammad Afiq Zaki,Universiti Tunku Abdul Rahman,Yan Chai Hum,Universiti Tunku Abdul Rahman,PUBLISHED,BEHAVIOURAL NEUROLOGY,,Oct-21,HINDAWI,CHST,,From 1 To 15,1) Science Citation Index (SCI) 2) Science Citation Index Expanded (SCIE) 3) Emerging Sources Citation Index 4) Scopus 5) ScienceDirect 6) Ei Compendex,,0953-4180,https://doi.org/10.1155/2021/2684855,5/11/2021
25,? 16072,Hum Yan Chai,Associate Professor,LKC FES,Academic,INFORMATION AND COMMUNICATION TECHNOLOGY,Osteoarthritis Diagnosis,Deep Learning,,,,JOURNAL ARTICLE,INTERNATIONALLY REFEREED JOURNAL,Yes,EMERGENCE OF DEEP LEARNING IN KNEE OSTEOARTHRITIS DIAGNOSIS,Q1,Q1,,,,CORRESPONDING AUTHOR,Hum Yan Chai,Universiti Tunku Abdul Rahman,Khin Wee Lai,Universiti Malaysia,Siew Li Goh,Universiti Malaysia,Khairunnisa Hasikin,Universiti Malaysia,Yee Kai Tee,Universiti Tunku Abdul Rahman,PUBLISHED,COMPUTATIONAL INTELLIGENCE AND NEUROSCIENCE,2021,Nov-21,HINDAWI,CHST,,From 1 To 10,1) Science Citation Index (SCI) 2) Science Citation Index Expanded (SCIE) 3) Social Sciences Citation Index (SSCI) 4) Emerging Sources Citation Index 5) Scopus 6) ScienceDirect 7) Ei Compendex,,1687-5265,https://doi.org/10.1155/2021/4931437,12/11/2021
26,? 16072,Hum Yan Chai,Associate Professor,LKC FES,Academic,"ENGINEERING, GREEN TECHNOLOGY",single beam ultrasound sensitivity,monitoring tool,local hyperthermia treatment,breast cancer,,JOURNAL ARTICLE,INTERNATIONALLY REFEREED JOURNAL,Yes,INVESTIGATION OF SINGLE BEAM ULTRASOUND SENSITIVITY AS A MONITORING TOOL FOR LOCAL HYPERTHERMIA TREATMENT IN BREAST CANCER,Q2,Q1,,,,SUBSEQUENT AUTHOR,Noraida Abd Manaf,Universiti Malaysia,Asnida Abd WahabHala,Universiti Malaysia,Mariaulpa Sahalan,Universiti Malaysia,Abdulkareem Rasheed,Universiti Malaysia,Maizatul Nadwa Che Aziz,Universiti Malaya,PUBLISHED,MULTIMEDIA TOOLS AND APPLICATIONS,,Jan-22,SPRINGER LINK,CHST,,From 1 To 20,1) Science Citation Index (SCI) 2) Science Citation Index Expanded (SCIE) 3) Emerging Sources Citation Index 4) Scopus 5) ScienceDirect 6) Ei Compendex,,1380-7501,https://doi.org/10.1007/s11042-021-11845-5,10/5/2022
27,? 16072,Hum Yan Chai,Associate Professor,LKC FES,Academic,INFORMATION AND COMMUNICATION TECHNOLOGY,computer vision,image processing,Human Motion Biomechanics,,,JOURNAL ARTICLE,INTERNATIONALLY REFEREED JOURNAL,Yes,A REVIEW OF MACHINE LEARNING NETWORK IN HUMAN MOTION BIOMECHANICS,Q1,Q1,,,,SUBSEQUENT AUTHOR,Wan Shi Low,Universiti Malaysia,Chow Khuen Chan,Universiti Malaysia,Maheza Irna Mohd Salim,Universiti Teknologi Malaysia,Joon Huang Chuah,Universiti Malaysia,Yee Kai Tee,Universiti Tunku Abdul Rahman,PUBLISHED,JOURNAL OF GRID COMPUTING,20,Mar-22,SPRINGER LINK,CHST,,From 1 To 37,1) Science Citation Index (SCI) 2) Science Citation Index Expanded (SCIE) 3) Emerging Sources Citation Index 4) ScienceDirect 5) Ei Compendex,,1570-7873,https://doi.org/10.1007/s10723-021-09595-7,10/5/2022
28,? 16072,Hum Yan Chai,Associate Professor,LKC FES,Academic,INFORMATION AND COMMUNICATION TECHNOLOGY,computer vision,image processing,Contrast Enhancement,,,JOURNAL ARTICLE,INTERNATIONALLY REFEREED JOURNAL,Yes,A CONTRAST ENHANCEMENT FRAMEWORK UNDER UNCONTROLLED ENVIRONMENTS BASED ON JUST NOTICEABLE DIFFERENCE,Q2,Q1,,,,1ST AUTHOR,Maheza Irna Mohamad Salim,Universiti Teknologi Malaysia,Yee Kai Tee,Universiti Tunku Abdul Rahman,Wun-She Yap,Universiti Tunku Abdul Rahman,Hamam Mokayed,luleå university of technology,Tian Swee Tan,Universiti Teknologi Malaysia,PUBLISHED,SIGNAL PROCESSING-IMAGE COMMUNICATION,103,Apr-22,ELSEVIER,CHST,,From 11665 To 11681,1) Science Citation Index (SCI) 2) Science Citation Index Expanded (SCIE) 3) Emerging Sources Citation Index 4) Scopus 5) ScienceDirect 6) Ei Compendex,,0923-5965,https://doi.org/10.1016/j.image.2022.116657,17/5/2022
29,? 16072,Hum Yan Chai,Associate Professor,LKC FES,Academic,MEDICAL AND HEALTH SCIENCES,Readmission Risk,Prediction Model,,,,CONFERENCE PROCEEDINGS,FOREIGN CONFERENCE PROCEEDINGS,Yes,ASSESSING CLINICAL USEFULNESS OF READMISSION RISK PREDICTION MODEL,,,,,N/A,CO-AUTHOR,Kareen Teo,Universiti Malaysia,Ching Wai Yong,Universiti Malaysia,Joon Huang Chuah,Universiti Malaysia,Khairunnisa Hasikin,Universiti Malaysia,Maheza Irna Mohd Salim,Universiti Teknologi Malaysia,PUBLISHED,"6TH KUALA LUMPUR INTERNATIONAL CONFERENCE ON BIOMEDICAL ENGINEERING 2021: PROCEEDINGS OF BIOMED2021,",86,Apr-22,SPRINGER NATURE,CHST,,From 389 To 396,1) Science Citation Index (SCI) 2) Science Citation Index Expanded (SCIE) 3) Scopus 4) Ei Compendex,,978-3-030,https://books.google.com.my/books?hl=en&lr=&id=83tsEAAAQBAJ&oi=fnd&pg=PA389&dq=info:Hm1PA0AzuQEJ:scholar.google.com&ots=63sNfcUYgz&sig=qXaJ1jFUp_D8HOzchfUNnFdtAko&redir_esc=y#v=onepage&q&f=false,11/5/2022
30,? 16072,Hum Yan Chai,Associate Professor,LKC FES,Academic,MEDICAL AND HEALTH SCIENCES,Prediction of Spine Decompression,Transcranial Motor Evoked Potential,Linear Discriminant Analysis Algorithm,,,CONFERENCE PROCEEDINGS,FOREIGN CONFERENCE PROCEEDINGS,Yes,PREDICTION OF SPINE DECOMPRESSION POST-SURGERY OUTCOME THROUGH TRANSCRANIAL MOTOR EVOKED POTENTIAL USING LINEAR DISCRIMINANT ANALYSIS ALGORITHM,,,,,N/A,CO-AUTHOR,Mohd Redzuan Jamaludin,Universiti Malaysia,Saw Lim Beng,Universiti Malaysia,Joon Huang Chuah,Universiti Malaysia,Maheza Irna Mohd Salim,Universiti Malaysia,Khin Wee Lai,Universiti Malaya,PUBLISHED,6TH KUALA LUMPUR INTERNATIONAL CONFERENCE ON BIOMEDICAL ENGINEERING 2021,86,Apr-22,SPRINGER LINK,CHST,,From 397 To 403,1) Science Citation Index (SCI) 2) Science Citation Index Expanded (SCIE) 3) Scopus 4) ScienceDirect 5) Ei Compendex,,,https://link.springer.com/book/10.1007/978-3-030-90724-2,11/5/2022
31,? 16072,Hum Yan Chai,Associate Professor,LKC FES,Academic,MEDICAL AND HEALTH SCIENCES,Spine Decompression,Transcranial Motor Evoked Potential,Linear Discriminant Analysis Algorithm,,,CONFERENCE PROCEEDINGS,FOREIGN CONFERENCE PROCEEDINGS,Yes,PREDICTION OF SPINE DECOMPRESSION POST-SURGERY OUTCOME THROUGH TRANSCRANIAL MOTOR EVOKED POTENTIAL USING LINEAR DISCRIMINANT ANALYSIS ALGORITHM,,Q4,,,,CO-AUTHOR,Mohd Redzuan Jamaludin,Universiti Malaysia,Saw Lim Beng,Universiti Malaysia,Joon Huang Chuah,Universiti Malaysia,Khairunnisa Hasikin,Universiti Malaysia,Maheza Irna Mohd Salim,Universiti Teknologi Malaysia,PUBLISHED,IFMBE PROCEEDINGS,,Apr-22,SPRINGER,CHST,,From 397 To 403,1) Science Citation Index (SCI) 2) Science Citation Index Expanded (SCIE) 3) Emerging Sources Citation Index 4) Ei Compendex,,1680-0737,https://10.1007/978-3-030-90724-2_43,27/5/2022
32,? 16072,Hum Yan Chai,Associate Professor,LKC FES,Academic,MEDICAL AND HEALTH SCIENCES,Spine Decompression,Transcranial Motor Evoked Potential,Linear Discriminant Analysis Algorithm,,,CONFERENCE PROCEEDINGS,FOREIGN CONFERENCE PROCEEDINGS,Yes,PREDICTION OF SPINE DECOMPRESSION POST-SURGERY OUTCOME THROUGH TRANSCRANIAL MOTOR EVOKED POTENTIAL USING LINEAR DISCRIMINANT ANALYSIS ALGORITHM,,Q4,,,,CO-AUTHOR,Mohd Redzuan Jamaludin,Universiti Malaysia,Saw Lim Beng,Universiti Malaysia,Joon Huang Chuah,Universiti Malaysia,Khairunnisa Hasikin,Universiti Malaysia,Maheza Irna Mohd Salim,Universiti Teknologi Malaysia,PUBLISHED,IFMBE PROCEEDINGS,,Apr-22,SPRINGER,CHST,,From 397 To 403,1) Science Citation Index (SCI) 2) Science Citation Index Expanded (SCIE) 3) Emerging Sources Citation Index 4) Ei Compendex,,1680-0737,https://10.1007/978-3-030-90724-2_43,27/5/2022
33,? 16072,Hum Yan Chai,Associate Professor,LKC FES,Academic,MEDICAL AND HEALTH SCIENCES,Deep Learning Model,Progressive Mild Cognitive Impairment,Alzheimer's Disease,,,JOURNAL ARTICLE,INTERNATIONALLY REFEREED JOURNAL,Yes,DEEP LEARNING MODEL FOR PREDICTION OF PROGRESSIVE MILD COGNITIVE IMPAIRMENT TO ALZHEIMER'S DISEASE USING STRUCTURAL MRI,Q1,Q1,,,,SUBSEQUENT AUTHOR,Bing Yan Lim,Universiti Malaysia,Khin Wee Lai,Universiti Malaysia,Khairunnisa Hasikin,Universiti Malaysia,Saneera H. Kulathilake,Rajarata University of Sri Lanka,Zhi Chao Ong,Universiti Malaya,ACCEPTED,FRONTIERS IN AGING NEUROSCIENCE,,May-22,FRONTIERS AGING NEUROSCIENCE,CHST,,From To,1) Science Citation Index (SCI) 2) Science Citation Index Expanded (SCIE) 3) Emerging Sources Citation Index 4) Scopus 5) ScienceDirect 6) Ei Compendex,,1663-4365,,19/5/2022
34,? 16072,Hum Yan Chai,Associate Professor,LKC FES,Academic,"ENGINEERING, GREEN TECHNOLOGY",Video Resolution,Quality of Sound Recovered,Visual Microphone,,,CONFERENCE PROCEEDINGS,FOREIGN CONFERENCE PROCEEDINGS,Yes,A STUDY ON THE EFFECT OF VIDEO RESOLUTION ON THE QUALITY OF SOUND RECOVERED USING THE VISUAL MICROPHONE,,,,,,CO-AUTHOR,Ren-Jun Choong,UTAR,Wun-She Yap,UTAR,Yan Chai Hum,UTAR,Yee Kai Tee,UTAR,,,PUBLISHED,ACM DIGITAL LIBRARY,,Jun-22,ACM,CHST,,From To,1) Science Citation Index (SCI) 2) Science Citation Index Expanded (SCIE) 3) Social Sciences Citation Index (SSCI) 4) Ei Compendex,,,https://doi.org/10.1145/3531232.3531248,3/6/2022
35,? 16072,Hum Yan Chai,Associate Professor,LKC FES,Academic,"ENGINEERING, GREEN TECHNOLOGY",deep learning,segmentation,left ventricle segmentation,,,JOURNAL ARTICLE,INTERNATIONALLY REFEREED JOURNAL,Yes,COMPARATIVE STUDIES OF DEEP LEARNING SEGMENTATION MODELS FOR LEFT VENTRICLE SEGMENTATION,Q1,Q2,,,,3RD AUTHOR,Muhammad Ali Shoaib,Universiti Malaysia,Lai Khin Wee,Universiti Malaysia,Chuah Joon Huang,Universiti Malaysia,Hum Yan Chai,Universiti Tunku Abdul Rahman,Raza Ali,Universiti Malaya,PUBLISHED,FRONTIERS IN PUBLIC HEALTH,,Aug-22,FRONTIERS,CHST,,From 2923 To 2936,1) Science Citation Index (SCI) 2) Science Citation Index Expanded (SCIE) 3) Scopus 4) ScienceDirect 5) Ei Compendex,,2296-2565,https://doi.org/10.3389/fpubh.2022.981019,30/11/2022
36,? 16072,Hum Yan Chai,Associate Professor,LKC FES,Academic,MEDICAL AND HEALTH SCIENCES,Antitumor effect,whole-body hyperthermia,Curcumin,Breast Cancer,,JOURNAL ARTICLE,INTERNATIONALLY REFEREED JOURNAL,Yes,ANTITUMOR EFFECT OF INFRARED WHOLE-BODY HYPERTHERMIA WITH CURCUMIN IN BREAST CANCER,Q2,Q1,,,,SUBSEQUENT AUTHOR,Hanim Saim,Universiti Teknologi Malaysia,Siti N. M. Yassin,Universiti Teknologi Malaysia,Maheza I. M. Salim,Universiti Teknologi Malaysia,Khairunadwa Jemon,Universiti Teknologi Malaysia,Rania H. AlAshwal,Universiti Teknologi Malaysia,PUBLISHED,MULTIMEDIA TOOLS AND APPLICATIONS,,Sep-22,SPRINGER LINK,CHST,,From 1 To 18,1) Science Citation Index (SCI) 2) Science Citation Index Expanded (SCIE) 3) Scopus 4) ScienceDirect 5) Ei Compendex,,1380-7501,https://doi.org/10.1007/s11042-022-13521-8,20/10/2022
37,? 16072,Hum Yan Chai,Associate Professor,LKC FES,Academic,INFORMATION AND COMMUNICATION TECHNOLOGY,Deep Learning,Grading Classification,Breast Cancer Histopathology,,,JOURNAL ARTICLE,INTERNATIONALLY REFEREED JOURNAL,Yes,PERFORMANCE ANALYSIS OF SEVEN CONVOLUTIONAL NEURAL NETWORKS (CNNS) WITH TRANSFER LEARNING FOR INVASIVE DUCTAL CARCINOMA (IDC) GRADING IN BREAST HISTOPATHOLOGICAL IMAGES.,Q2,Q1,,,,PRINCIPAL AUTHOR,Wingates Voon,UTAR,Hum Yan Chai (Corresponding Author),UTAR,Tee Yee Kai,UTAR,Yap Wun She,UTAR,Maheza Irna Mohamad Salim,UTM,ACCEPTED,SCIENTIFIC REPORTS,,Oct-22,NATURE PORTFOLIO,CHST,,From To,1) Science Citation Index (SCI) 2) Science Citation Index Expanded (SCIE) 3) Social Sciences Citation Index (SSCI) 4) Emerging Sources Citation Index 5) Scopus 6) ScienceDirect 7) Ei Compendex,,2045-2322,,5/10/2022
38,? 16072,Hum Yan Chai,Associate Professor,LKC FES,Academic,MEDICAL AND HEALTH SCIENCES,Deep Learning Methods,Left Ventricle Segmentation,,,,JOURNAL ARTICLE,INTERNATIONALLY REFEREED JOURNAL,Yes,AN OVERVIEW OF DEEP LEARNING METHODS FOR LEFT VENTRICLE SEGMENTATION,Q2,Q1,,,,SUBSEQUENT AUTHOR,Muhammad Ali Shoaib,Universiti Malaysia,Joon Huang Chuah,Universiti Malaysia,Ali Raza,Universiti Malaysia,Khairunnisa Hasikin,Universiti Malaysia,Azira Khalil,Universiti Malaya,PUBLISHED,COMPUTATIONAL INTELLIGENCE AND NEUROSCIENCE,2023,Jan-23,HINDAWI,CHST,,From 200 To 230,1) Science Citation Index (SCI) 2) Science Citation Index Expanded (SCIE) 3) Social Sciences Citation Index (SSCI) 4) Emerging Sources Citation Index 5) Scopus 6) ScienceDirect 7) Ei Compendex,,1687-5265,https://doi.org/10.1155/2023/4208231,31/1/2023
39,? 16072,Hum Yan Chai,Associate Professor,LKC FES,Academic,INFORMATION AND COMMUNICATION TECHNOLOGY,left ventricle,spatial features,deep learning,channel features,,JOURNAL ARTICLE,INTERNATIONALLY REFEREED JOURNAL,Yes,FULLY AUTOMATIC LEFT VENTRICLE SEGMENTATION USING BILATERAL LIGHTWEIGHT DEEP NEURAL NETWORK,Q2,Q3,,,,SUBSEQUENT AUTHOR,Muhammad Ali Shoaib,Universiti Malaysia,Joon Huang Chuah,Universiti Malaysia,Raza Ali,Universiti Malaysia,Samiappan Dhanalakshmi,SRM Institute of Science and Technology,Azira Khalil,Universiti Sains Islam Malaysia,PUBLISHED,LIFE-BASEL,13,Jan-23,MDPI,CHST,1,From 124 To 132,1) Science Citation Index (SCI) 2) Science Citation Index Expanded (SCIE) 3) Scopus 4) Ei Compendex,,2075-1729,https://doi.org/10.3390/life13010124,3/1/2023
40,? 16072,Hum Yan Chai,Associate Professor,LKC FES,Academic,"ENGINEERING, GREEN TECHNOLOGY",basal stem rot,deep learning,,,,JOURNAL ARTICLE,INTERNATIONALLY REFEREED JOURNAL,Yes,CLASSIFICATION OF BASAL STEM ROT USING DEEP LEARNING: A REVIEW OF DIGITAL DATA C,Q2,Q2,,,,SUBSEQUENT AUTHOR,Yu Hong Haw,Universiti Malaysia,Khin Wee Lai?,Universiti Malaysia,Joon Huang Chuah,Universiti Malaysia,Siti Khairunniza Bejo,Universiti Malaysia,Nur Azuan Husin,Universiti Malaya,PUBLISHED,PEERJ COMPUTER SCIENCE,9,Apr-23,PEERJ,CHST,,From e1325 To e1325,1) Science Citation Index (SCI) 2) Scopus 3) ScienceDirect 4) Ei Compendex,,2376-5992,https://peerj.com/articles/cs-1325/#fig-2,27/5/2023
41,? 16072,Hum Yan Chai,Associate Professor,LKC FES,Academic,COMPUTER SCIENCE,computer vision,palm disease classification,basal stem rot classification,,,JOURNAL ARTICLE,INTERNATIONALLY REFEREED JOURNAL,Yes,CLASSIFICATION OF BASAL STEM ROT USING DEEP LEARNING: A REVIEW OF DIGITAL DATA COLLECTION AND PALM DISEASE CLASSIFICATION METHODS,Q2,Q2,,,,SUBSEQUENT AUTHOR,Yu Hong Haw,Universiti Malaysia,Khin Wee Lai,Universiti Malaysia,Joon Huang Chuah,Universiti Malaysia,Siti Khairunniza Bejo,Universiti Malaysia,Nur Azuan Husin,Universiti Malaya,PUBLISHED,PEERJ COMPUTER SCIENCE,9,Apr-23,PEERJ INC.,CHST,,From 1352 To 1375,1) Science Citation Index (SCI) 2) Science Citation Index Expanded (SCIE) 3) Scopus 4) ScienceDirect,,2376-5992,https://doi.org/10.7717/peerj-cs.1325,22/4/2023
42,? 16072,Hum Yan Chai,Associate Professor,LKC FES,Academic,"ENGINEERING, GREEN TECHNOLOGY",Haze removal,Autonomous driving vision system,Random forest,transmission Estimation,,JOURNAL ARTICLE,INTERNATIONALLY REFEREED JOURNAL,Yes,A MODIFIED SINGLE IMAGE DEHAZING METHOD FOR AUTONOMOUS DRIVING VISION SYSTEM,Q2,Q1,,,,CORRESPONDING AUTHOR,Wong Yoke Kim,Universiti Tunku Abdul Rahman,Yan Chai Hum,Universiti Tunku Abdul Rahman,Yee Kai Tee,Universiti Tunku Abdul Rahman,Wun She Yap,Universiti Tunku Abdul Rahman,Hamam Mokayed,lulea university of technology sweden,ACCEPTED,MULTIMEDIA TOOLS AND APPLICATIONS,,May-23,SPRINGER,CHST,,From 1 To 1,1) Science Citation Index (SCI) 2) Emerging Sources Citation Index 3) Scopus 4) ScienceDirect,,1380-7501,,27/5/2023
43,? 16072,Hum Yan Chai,Associate Professor,LKC FES,Academic,INFORMATION AND COMMUNICATION TECHNOLOGY,Detection,Basal Stem Rot Disease,Deep Learning,,,JOURNAL ARTICLE,INTERNATIONALLY REFEREED JOURNAL,Yes,DETECTION OF BASAL STEM ROT DISEASE USING DEEP LEARNING,Q2,Q1,,,,2ND AUTHOR,Yu Hong Haw,Universiti Malaysia,Yan Chai Hum,Universiti Malaysia,Joon Huang Chuah,Universiti Malaysia,Wingates Voon,Universiti Tunku Abdul Rahman,Siti Khairunniza-Bejo,Universiti Malaya,PUBLISHED,IEEE ACCESS,,May-23,IEEE,CHST,,From 1 To 1,1) Science Citation Index (SCI) 2) Scopus 3) ScienceDirect 4) Ei Compendex,,2169-3536,https://ieeexplore.ieee.org/document/10124970,27/5/2023
44,? 16072,Hum Yan Chai,Associate Professor,LKC FES,Academic,MEDICAL AND HEALTH SCIENCES,3D printed model,Human knee joint,3D reconstructed anatomy structure,,,CONFERENCE PROCEEDINGS,FOREIGN CONFERENCE PROCEEDINGS,Yes,DEVELOPMENT OF 3D PRINTED MODEL OF HUMAN KNEE JOINT FROM MRI AND CT-BASED IMAGES,,Q4,,,,CO-AUTHOR,Abdulrahman Hussein Abdullah Alhamed,Universiti Tunku Abdul Rahman,Sayed Ahmad Zikri Sayed Aluwee,Universiti Tunku Abdul Rahman,Choy Chee Mun,Universiti Tunku Abdul Rahman,Yan Chai Hum,Universiti Tunku Abdul Rahman,Goh Chuan Meng,Universiti Tunku Abdul Rahman,PUBLISHED,AIP CONFERENCE PROCEEDINGS,,May-23,AMERICAN INSTITUTE OF PHYSICS,CHST,,From To,1) Science Citation Index (SCI) 2) Science Citation Index Expanded (SCIE) 3) Scopus,,0094-243X,https://pubs.aip.org/aip/acp/article/2808/1/030004/2891833,29/5/2023
45,? 16072,Hum Yan Chai,Associate Professor,LKC FES,Academic,INFORMATION AND COMMUNICATION TECHNOLOGY,Histopathological Gastric Cancer Detection,GasHisSDB Dataset,Deep Ensemble Learning,,,JOURNAL ARTICLE,INTERNATIONALLY REFEREED JOURNAL,Yes,HISTOPATHOLOGICAL GASTRIC CANCER DETECTION ON GASHISSDB DATASET USING DEEP ENSEMBLE LEARNING,Q2,Q4,,,,2ND AUTHOR,Ming Ping Yong,Universiti Tunku Abdul Rahman,Yan Chai Hum,Universiti Tunku Abdul Rahman,Khin Wee Lai,University Malaysia,Ying Loong Lee,Universiti Tunku Abdul Rahman,Choon-Hian Goh,Universiti Tunku Abdul Rahman,PUBLISHED,DIAGNOSTICS,13,May-23,MDPI,CHST,,From 1793 To 1802,1) Science Citation Index (SCI) 2) Scopus 3) ScienceDirect,,2075-4418,https://www.mdpi.com/2075-4418/13/10/1793,27/5/2023
46,? 16072,Hum Yan Chai,Associate Professor,LKC FES,Academic,INFORMATION AND COMMUNICATION TECHNOLOGY,AI-Driven Fashion,Recommender Systems,,,,JOURNAL ARTICLE,INTERNATIONALLY REFEREED JOURNAL,Yes,STUDY OF AI-DRIVEN FASHION RECOMMENDER SYSTEMS,,Q1,,,,4TH AUTHOR,Shaghayegh Shirkhani,Luleå tekniska universitet,Hamam Mokayed,Luleå tekniska universitet,Rajkumar Saini,Luleå tekniska universitet,Hum Yan Chai,Universiti Tunku Abdul Rahman,,,PUBLISHED,SN COMPUTER SCIENCE,4,Jul-23,SPRINGER LINK,CHST,5,From 514 To 533,1) Scopus,,2662-995X,https://doi.org/10.1007/s42979-023-01932-9,26/12/2023
47,? 16072,Hum Yan Chai,Associate Professor,LKC FES,Academic,COMPUTER SCIENCE,single image dehazing method,Autonomous driving vision system,,,,JOURNAL ARTICLE,INTERNATIONALLY REFEREED JOURNAL,Yes,A MODIFIED SINGLE IMAGE DEHAZING METHOD FOR AUTONOMOUS DRIVING VISION SYSTEM,Q3,Q1,,,,CORRESPONDING AUTHOR,Wong Yoke Kim,Universiti Tunku Abdul Rahman,Hum Yan Chai,Universiti Tunku Abdul Rahman,Tee Yee Kai,Universiti Tunku Abdul Rahman,Yap Wun She,Universiti Tunku Abdul Rahman,Lai Khin Wee,Universiti Malaya,PUBLISHED,MULTIMEDIA TOOLS AND APPLICATIONS,,Aug-23,"SPRINGER (THE ARTICLE IS WOS QUARTILE 2 UNDER CATEGORY COMPUTER SCIENCE, SOFTWARE ENGINEERING)",CHST,,From 1 To 33,1) Science Citation Index (SCI) 2) Science Citation Index Expanded (SCIE) 3) Social Sciences Citation Index (SSCI) 4) Scopus 5) ScienceDirect,,1380-7501,https://link.springer.com/article/10.1007/s11042-023-16547-8,11/12/2023
48,? 16072,Hum Yan Chai,Associate Professor,LKC FES,Academic,MEDICAL AND HEALTH SCIENCES,Readmission prediction,,,,,JOURNAL ARTICLE,INTERNATIONALLY REFEREED JOURNAL,Yes,CURRENT TRENDS IN READMISSION PREDICTION: AN OVERVIEW OF APPROACHES,Q2,Q1,,,,4TH AUTHOR,"Kareen Teo,",Universiti Malaysia,Ching Wai Yong,Universiti Malaysia,Joon Huang Chuah,Universiti Malaysia,Hum Yan Chai,Universiti Tunku Abdul Rahman,Yee Kai Tee,Universiti Tunku Abdul Rahman,PUBLISHED,ARABIAN JOURNAL FOR SCIENCE AND ENGINEERING,48,Aug-23,SPRINGER BERLIN HEIDELBERG,CHST,8,From 11117 To 11134,1) Science Citation Index (SCI) 2) Science Citation Index Expanded (SCIE) 3) Social Sciences Citation Index (SSCI) 4) Emerging Sources Citation Index 5) Scopus 6) ScienceDirect 7) Ei Compendex,,2193-567X,https://doi.org/10.1007/s13369-021-06040-5,11/12/2023
49,? 16072,Hum Yan Chai,Associate Professor,LKC FES,Academic,INFORMATION AND COMMUNICATION TECHNOLOGY,Generative Adversarial Networks (GANs) ,Covid-19 pandemic era,A review,,,JOURNAL ARTICLE,INTERNATIONALLY REFEREED JOURNAL,Yes,HOW GANS ASSIST IN COVID-19 PANDEMIC ERA: A REVIEW,Q3,Q1,,,,CORRESPONDING AUTHOR,Yahya Sherif Solayman Mohamed Saleh,Asia Pacific University,Hamam Mokayed,Luleå tekniska universitet,Konstantina Nikolaidou,Luleå tekniska universitet,Lama Alkhaled,Luleå tekniska universitet,Hum Yan Chai,Universiti Tunku Abdul Rahman,PUBLISHED,MULTIMEDIA TOOLS AND APPLICATIONS,,Sep-23,"SPRINGER (THE ARTICLE IS WOS QUARTILE 2 UNDER CATEGORY COMPUTER SCIENCE, SOFTWARE ENGINEERING)",CHST,,From 1 To 30,1) Science Citation Index (SCI) 2) Science Citation Index Expanded (SCIE) 3) Scopus 4) ScienceDirect 5) Ei Compendex,,1380-7501,https://doi.org/10.1007/s11042-023-16597-y,11/12/2023
50,? 16072,Hum Yan Chai,Associate Professor,LKC FES,Academic,MEDICAL AND HEALTH SCIENCES,Deep learning,histopathological image,transfer learning,deep ensemble learning,,JOURNAL ARTICLE,INTERNATIONALLY REFEREED JOURNAL,Yes,NON-ANNOTATED RENAL HISTOPATHOLOGICAL IMAGE ANALYSIS WITH DEEP ENSEMBLE LEARNING,Q2,Q2,,,,3RD AUTHOR,Jia Chun Koo,Universiti Tunku Abdul Rahman,Qi Ke,Universiti Tunku Abdul Rahman,Yan Chai Hum,Universiti Tunku Abdul Rahman,Choon Hian Goh,Universiti Tunku Abdul Rahman,Yap Wun She,Universiti Tunku Abdul Rahman,PUBLISHED,QUANTITATIVE IMAGING IN MEDICINE AND SURGERY,13,Sep-23,AME PUBLISHING COMPANY,CHST,9,From 5902 To 5920,1) Science Citation Index (SCI) 2) Science Citation Index Expanded (SCIE) 3) Social Sciences Citation Index (SSCI) 4) Emerging Sources Citation Index 5) Scopus 6) ScienceDirect 7) Ei Compendex,,2223-4292,https://qims.amegroups.org/article/view/115842/html,11/12/2023
51,? 16072,Hum Yan Chai,Associate Professor,LKC FES,Academic,AGRICULTURE/AQUACULTURE & RELATED,Hydroponics,Farming Systems,Growing Environments,Crop Yields,,JOURNAL ARTICLE,INTERNATIONALLY REFEREED JOURNAL,Yes,A META-ANALYSIS: FOOD PRODUCTION AND VEGETABLE CROP YIELDS OF HYDROPONICS,Q1,Q1,,,,2ND AUTHOR,Yee Sin Goh,Universiti Tunku Abdul Rahman,Hum Yan Chai,Universiti Tunku Abdul Rahman,Ying Loong Lee,Universiti Tunku Abdul Rahman,Khin Wee Lai,Universiti Malaysia,Wun-She Yap,Universiti Tunku Abdul Rahman,PUBLISHED,SCIENTIA HORTICULTURAE,321,Nov-23,ELSEVIER,CHST,,From 2339 To 2352,1) Science Citation Index (SCI) 2) Science Citation Index Expanded (SCIE) 3) Social Sciences Citation Index (SSCI) 4) Emerging Sources Citation Index 5) Scopus 6) ScienceDirect 7) Ei Compendex,,0304-4238,https://doi.org/10.1016/j.scienta.2023.112339,11/12/2023
52,? 16072,Hum Yan Chai,Associate Professor,LKC FES,Academic,COMPUTER SCIENCE,Enhanced Pix2pix GAN,GAN,Anime Sketch Colourization,,,CONFERENCE PROCEEDINGS,FOREIGN CONFERENCE PROCEEDINGS,Yes,ANIME SKETCH COLOURIZATION USING ENHANCED PIX2PIX GAN,,Q3,,,,CO-AUTHOR,Shaghayegh Shirkhani,lulea university of technology sweden,Hamam Mokayed,lulea university of technology sweden,Rajkumar Saini,lulea university of technology sweden,Hum Yan Chai,Universiti Tunku Abdul Rahman,,,PUBLISHED,LECTURE NOTES IN COMPUTER SCIENCE,14406,Nov-23,SPRINGER,CHST,,From 148 To 164,1) Science Citation Index (SCI) 2) Scopus 3) Ei Compendex,,0302-9743,https://doi.org/10.1007/978-3-031-47634-1_12,26/12/2023
53,? 16072,Hum Yan Chai,Associate Professor,LKC FES,Academic,MEDICAL AND HEALTH SCIENCES,stain normalization techniques,automated grading system,invasive ductal carcinoma,histopathological images,deep learning,JOURNAL ARTICLE,INTERNATIONALLY REFEREED JOURNAL,Yes,EVALUATING THE EFFECTIVENESS OF STAIN NORMALIZATION TECHNIQUES IN AUTOMATED GRADING OF INVASIVE DUCTAL CARCINOMA HISTOPATHOLOGICAL IMAGES,Q2,Q1,,,,CORRESPONDING AUTHOR,Wingates Voon,Universiti Tunku Abdul Rahman,Hum Yan Chai,Universiti Tunku Abdul Rahman,Tee Yee Kai,Universiti Tunku Abdul Rahman,Yap Wun She,Universiti Tunku Abdul Rahman,Humaira Nisar,Universiti Tunku Abdul Rahman,PUBLISHED,SCIENTIFIC REPORTS,13,Nov-23,NATURE PORTFOLIO,CHST,2023,From 20518 To 20532,1) Science Citation Index (SCI) 2) Science Citation Index Expanded (SCIE) 3) Emerging Sources Citation Index 4) Scopus 5) ScienceDirect 6) Ei Compendex,,2045-2322,https://doi.org/10.1038/s41598-023-46619-6,11/12/2023
54,? 16072,Hum Yan Chai,Associate Professor,LKC FES,Academic,MEDICAL AND HEALTH SCIENCES,Histopathological Cancer,Intra-Domain Transfer Learning,Ensemble Learning,Detection,,JOURNAL ARTICLE,INTERNATIONALLY REFEREED JOURNAL,Yes,HISTOPATHOLOGICAL CANCER DETECTION USING INTRA-DOMAIN TRANSFER LEARNING AND ENSEMBLE LEARNING,Q2,Q1,,,,CORRESPONDING AUTHOR,Ming Ping Yong,Universiti Tunku Abdul Rahman,Hum Yan Chai,Universiti Tunku Abdul Rahman,Khin Wee Lai,Universiti Tunku Abdul Rahman,Ying Loong Lee,Universiti Tunku Abdul Rahman,Choon-Hian Goh,Universiti Tunku Abdul Rahman,PUBLISHED,IEEE ACCESS,10,Dec-23,IEEE,CHST,,From 1109 To 1122,1) Science Citation Index (SCI) 2) Science Citation Index Expanded (SCIE) 3) Emerging Sources Citation Index 4) Scopus 5) ScienceDirect,,2169-3536,https://doi.org/10.1109/ACCESS.2023.3343465,20/12/2023
55,? 16072,Hum Yan Chai,Associate Professor,LKC FES,Academic,MEDICAL AND HEALTH SCIENCES,Ischemic stroke,Chemical exchange saturation transfer (CEST),Relayed nuclear Overhauser enhancement (NOE),Amide proton transfer (APT),Penumbra,JOURNAL ARTICLE,INTERNATIONALLY REFEREED JOURNAL,Yes,INVESTIGATION OF RELAYED NUCLEAR OVERHAUSER ENHANCEMENT EFFECT AT? 1.6 PPM IN AN ISCHEMIC STROKE MODEL,Q2,Q2,,,,SUBSEQUENT AUTHOR,Lee Sze Foo,Universiti Tunku Abdul Rahman,James R Larkin,University of Oxford,Brad A Sutherland,University of Oxford,Kevin J Ray,University of Oxford,Yee Kai Tee,Universiti Tunku Abdul Rahman,PUBLISHED,QUANTITATIVE IMAGING IN MEDICINE AND SURGERY,13,Dec-23,AME PUBLISHING COMPANY,CHST,12,From 7877 To 7892,1) Science Citation Index (SCI) 2) Science Citation Index Expanded (SCIE) 3) Scopus 4) ScienceDirect 5) Ei Compendex,,2223-4292,https://doi.org/10.21037/qims-23-510,11/12/2023
56,? 16072,Hum Yan Chai,Associate Professor,LKC FES,Academic,"ENGINEERING, GREEN TECHNOLOGY",Correlation of Knee Pain,,,,,JOURNAL ARTICLE,INTERNATIONALLY REFEREED JOURNAL,Yes,CORRELATION OF KNEE PAIN AMONGST SUBJECTS WITH OSTEOARTHRITIS TAKING GRAPHENE-BASED THERMOTHERAPY FOR HEALTH IMPROVEMENT,Q4,Q4,,,,3RD AUTHOR,Jun Hao Lau,Universiti Malaysia,Juliana Usman,Universiti Malaysia,Yan Chai Hum,Universiti Tunku Abdul Rahman,Khin wee Lai,Universiti Malaysia,,,PUBLISHED,JOURNAL OF MECHANICS IN MEDICINE AND BIOLOGY,,Jan-24,WORLD SCIENTIFIC,CHST,,From 100 To 113,1) Science Citation Index (SCI) 2) Science Citation Index Expanded (SCIE) 3) Scopus,,0219-5194,https://doi.org/10.1142/S0219519424500015,19/5/2024
57,? 16072,Hum Yan Chai,Associate Professor,LKC FES,Academic,"ENGINEERING, GREEN TECHNOLOGY",Visual enhancement,,,,,JOURNAL ARTICLE,INTERNATIONALLY REFEREED JOURNAL,Yes,IMPACT OF VISUAL ENHANCEMENT AND COLOR CONVERSION ALGORITHMS ON REMOTE SOUND RECOVERY FROM SILENT VIDEOS,Q3,Q2,,,,3RD AUTHOR,Ren?Jun Choong,Universiti Tunku Abdul Rahman,Wun?She Yap,Universiti Tunku Abdul Rahman,Yan Chai Hum,Universiti Tunku Abdul Rahman,Khin Wee Lai,Universiti Tunku Abdul Rahman,Lloyd Ling,Universiti Tunku Abdul Rahman,PUBLISHED,JOURNAL OF THE SOCIETY FOR INFORMATION DISPLAY,32,Mar-24,WILEY,CHST,3,From 100 To 113,1) Science Citation Index (SCI) 2) Science Citation Index Expanded (SCIE) 3) Scopus,,1071-0922,https://doi.org/10.1002/jsid.1275,19/5/2024
58,? 16072,Hum Yan Chai,Associate Professor,LKC FES,Academic,"ENGINEERING, GREEN TECHNOLOGY",Amide Proton Transfer Imaging,Gamma-knife Treatment,,,,CONFERENCE PROCEEDINGS,FOREIGN CONFERENCE PROCEEDINGS,Yes,AMIDE PROTON TRANSFER IMAGING FOR GAMMA-KNIFE TREATMENT RESPONSE IN HUMAN BRAIN METASTASIS: A PRELIMINARY STUDY,,,,,N/A,CO-AUTHOR,Swee Qi Pan,Universiti Tunku Abdul Rahman,Yap Wun She,Universiti Tunku Abdul Rahman,Tee Yee Kai,Universiti Tunku Abdul Rahman,Hum Yan Chai,Universiti Tunku Abdul Rahman,,,PUBLISHED,"INTERNATIONAL CONFERENCE ON IMAGE, VISION AND COMPUTING (ICIVC)",12,Jul-24,IEEE,CHST,,From 367 To 372,1) Science Citation Index (SCI) 2) Science Citation Index Expanded (SCIE) 3) Scopus 4) ScienceDirect 5) Ei Compendex,,3066-1102,https://doi.org/10.1109/ICIVC61627.2024.10837193,19/5/2025
59,? 16072,Hum Yan Chai,Associate Professor,LKC FES,Academic,"ENGINEERING, GREEN TECHNOLOGY",vehicle detection,U-Net,fractional B-spline,Harsh weather,,JOURNAL ARTICLE,INTERNATIONALLY REFEREED JOURNAL,Yes,FRACTIONAL B-SPLINE WAVELETS AND U-NET ARCHITECTURE FOR ROBUST AND RELIABLE VEHICLE DETECTION IN SNOWY CONDITIONS,Q2,,,,,SUBSEQUENT AUTHOR,Hamam Mokayed,lulea university of technology sweden,Christián Ulehla,lulea university of technology sweden,Elda Shurdhaj,lulea university of technology sweden,Amirhossein Nayebiastaneh,lulea university of technology sweden,Lama Alkhaled,lulea university of technology sweden,PUBLISHED,SENSORS,24,Jul-24,MDPI,CHST,12,From 3938 To 3948,1) Science Citation Index Expanded (SCIE) 2) Scopus 3) Inspec,,1424-8220,https://doi.org/10.3390/s24123938,9/7/2024
60,? 16072,Hum Yan Chai,Associate Professor,LKC FES,Academic,"ENGINEERING, GREEN TECHNOLOGY",Alzheimer?s disease,convolutional neural network,transformer,classification,magnetic resonance imaging,JOURNAL ARTICLE,INTERNATIONALLY REFEREED JOURNAL,Yes,MACHINE LEARNING APPROACHES IN COMPARATIVE STUDIES FOR ALZHEIMER?S DIAGNOSIS USING 2D MRI SLICES,Q4,Q2,,,,SUBSEQUENT AUTHOR,Zhen ZHAO,Universiti Malaysia,Joon Huang CHUAH,Universiti Malaysia,Chee-Onn CHOW,Universiti Malaya,Kaijian XIA,Changshu Hospital Affiliated to Soochow University,Yee Kai TEE,Universiti Tunku Abdul Rahman,PUBLISHED,TURKISH JOURNAL OF ELECTRICAL ENGINEERING AND COMPUTER SCIENCES,32,Jul-24,TUBITAK,CHST,93,From 207 To 223,1) Science Citation Index (SCI) 2) Science Citation Index Expanded (SCIE) 3) ScienceDirect 4) Ei Compendex,,1300-0632,https://doi.org/10.55730/1300-0632.4057,4/5/2025
61,? 16072,Hum Yan Chai,Associate Professor,LKC FES,Academic,COMPUTER SCIENCE,Malaria Cell Images Classification,Deep Ensemble Learning,,,,CONFERENCE PROCEEDINGS,FOREIGN CONFERENCE PROCEEDINGS,Yes,MALARIA CELL IMAGES CLASSIFICATION WITH DEEP ENSEMBLE LEARNING,,Q3,,,,CO-AUTHOR,Qi Ke,Universiti Tunku Abdul Rahman,Yap Wun She,Universiti Tunku Abdul Rahman,Tee Yee Kai,Universiti Tunku Abdul Rahman,Hum Yan Chai,Universiti Tunku Abdul Rahman,,,PUBLISHED,LECTURE NOTES IN COMPUTER SCIENCE (INCLUDING SUBSERIES LECTURE NOTES IN ARTIFICIAL INTELLIGENCE AND LECTURE NOTES IN BIOINFORMATICS),,Aug-24,SPRINGER,CHST,,From To,1) Science Citation Index (SCI) 2) Science Citation Index Expanded (SCIE) 3) Scopus 4) ScienceDirect 5) Ei Compendex,,0302-9743,https://doi.org/10.1007/978-981-97-5689-6_36,19/5/2025
62,? 16072,Hum Yan Chai,Associate Professor,LKC FES,Academic,LAW,COVID-19,machine learning,readmission,deep learning,prediction,JOURNAL ARTICLE,INTERNATIONALLY REFEREED JOURNAL,Yes,PREDICTIVE MODELING OF COVID-19 READMISSIONS: INSIGHTS FROM MACHINE LEARNING AND DEEP LEARNING APPROACHES,Q1,Q2,,,,CORRESPONDING AUTHOR,Wei Kit Loo,Universiti Malaysia,Wingates Voon,Universiti Tunku Abdul Rahman,Anwar Suhaimi,Universiti Malaya,Cindy Shuan Ju Teh,Universiti Malaysia,Tee Yee Kai,Universiti Tunku Abdul Rahman,PUBLISHED,DIAGNOSTICS,14,Aug-24,MDPI,CHST,14,From 1511 To 1534,1) Science Citation Index (SCI) 2) Science Citation Index Expanded (SCIE) 3) Social Sciences Citation Index (SSCI) 4) Scopus 5) ScienceDirect 6) Ei Compendex,,2075-4418,https://pmc.ncbi.nlm.nih.gov/articles/PMC11275856/,4/5/2025
63,? 16072,Hum Yan Chai,Associate Professor,LKC FES,Academic,MEDICAL AND HEALTH SCIENCES,amide proton transfer,chemical exchange saturation transfer,continuous approximation,discretization method,model-based analysis,JOURNAL ARTICLE,INTERNATIONALLY REFEREED JOURNAL,Yes,STUDY OF POWER EQUIVALENT CONTINUOUS APPROXIMATION BASED ON THE RECENT CONSENSUS RECOMMENDATIONS FOR BRAIN TUMOR IMAGING WITH PULSED CHEMICAL EXCHANGE SATURATION TRANSFER AT 3T,Q2,,,,,2ND AUTHOR,Swee Qi Pan,Universiti Tunku Abdul Rahman,Hum Yan Chai,Universiti Tunku Abdul Rahman,Lai Khin Wee,Universiti Malaya,Wun-She Yap,Universiti Tunku Abdul Rahman,Chi Wei Ong,Nanyang Technological University,PUBLISHED,MAGNETIC RESONANCE IN MEDICAL SCIENCES,10,Aug-24,JAPANESE SOCIETY OF MAGNETIC RESONANCE IN MEDICINE (JSMRM),CHST,,From 2463 To 2483,1) Science Citation Index (SCI) 2) Science Citation Index Expanded (SCIE) 3) Scopus 4) ScienceDirect 5) Ei Compendex,,1880-2206,https://doi.org/10.2463/mrms.tn.2024-0069,4/5/2025
64,? 16072,Hum Yan Chai,Associate Professor,LKC FES,Academic,INFORMATION AND COMMUNICATION TECHNOLOGY,Convolutional neural network,deep learning,knee osteoarthritis,magnetic resonance imaging,medical image segmentation,JOURNAL ARTICLE,INTERNATIONALLY REFEREED JOURNAL,Yes,AN EFFICIENT NEURAL NETWORK FOR SEGMENTING MULTIPLE JOINT TISSUES FROM KNEE MRI WITH HYPERPARAMETER OPTIMIZATION: DATA FROM THE OSTEOARTHRITIS INITIATIVE,Q2,Q1,,,,SUBSEQUENT AUTHOR,PAULINE SHAN QING YEOH,Universiti Malaysia,LI BING,China Electronics Standardization Institute,SIEW LI GOH,Universiti Malaya,KHAIRUNNISA HASIKIN,Universiti Malaysia,XIANG WU,Universiti Malaysia,PUBLISHED,IEEE ACCESS,12,Sep-24,IEEE,CHST,,From 12375 To 12395,1) Science Citation Index (SCI) 2) Science Citation Index Expanded (SCIE) 3) Scopus 4) ScienceDirect 5) Ei Compendex,,2169-3536,https://doi.org/10.1109/ACCESS.2024.3454374,19/5/2025
65,? 16072,Hum Yan Chai,Associate Professor,LKC FES,Academic,INFORMATION AND COMMUNICATION TECHNOLOGY,Graphene,thermotherapy,KOOS,heat therapy,pulse rate,JOURNAL ARTICLE,INTERNATIONALLY REFEREED JOURNAL,Yes,CORRELATION OF KNEE PAIN AMONG SUBJECTS WITH OSTEOARTHRITIS TAKING GRAPHENE-BASED THERMOTHERAPY FOR HEALTH IMPROVEMENT,Q4,Q4,,,,3RD AUTHOR,JUN HAO LAU,Universiti Malaysia,JULIANA USMAN,Universiti Malaysia,YAN CHAI HUM,Universiti Tunku Abdul Rahman,KHIN WEE LAI,Universiti Malaysia,,,PUBLISHED,JOURNAL OF MECHANICS IN MEDICINE AND BIOLOGY,24,Sep-24,WORLD SCIENTIFIC,CHST,7,From 24500 To 24520,1) Science Citation Index (SCI) 2) Science Citation Index Expanded (SCIE) 3) ScienceDirect 4) Ei Compendex,,0219-5194,https://doi.org/10.1142/S0219519424500015,4/5/2025
66,? 16072,Hum Yan Chai,Associate Professor,LKC FES,Academic,"ENGINEERING, GREEN TECHNOLOGY",T staging,colon cancer,multiple-phase CT,radiomics,,JOURNAL ARTICLE,INTERNATIONALLY REFEREED JOURNAL,Yes,PREDICTIVE VALUE OF MULTI-PHASE CT RADIOMICS IN DELINEATING EARLY AND ADVANCED T STAGING OF COLON CANCER,Q3,Q2,,,,SUBSEQUENT AUTHOR,Kun Ma,Universiti Teknologi Malaysia,Haobo Shi,Southern Medical University,Tian Swee Tan,Universiti Teknologi Malaysia,Muhammad Amir As'ari,Universiti Teknologi Malaysia,Hum Yan Chai,Universiti Tunku Abdul Rahman,PUBLISHED,MALAYSIAN JOURNAL OF FUNDAMENTAL AND APPLIED SCIENCES,20,Oct-24,MALAYSIAN JOURNAL OF FUNDAMENTAL AND APPLIED SCIENCES,CHST,5,From 1172 To 1182,1) Science Citation Index (SCI) 2) Science Citation Index Expanded (SCIE) 3) ScienceDirect 4) Ei Compendex,,2289-5981,https://doi.org/10.11113/mjfas.v20n5.3667,4/5/2025
67,? 16072,Hum Yan Chai,Associate Professor,LKC FES,Academic,COMPUTER SCIENCE,Siamese-Driven Optimization,Low-Resolution Image,,,,CONFERENCE PROCEEDINGS,FOREIGN CONFERENCE PROCEEDINGS,Yes,SIAMESE-DRIVEN OPTIMIZATION FOR LOW-RESOLUTION IMAGE LATENT EMBEDDING IN IMAGE CAPTIONING,,,,,N/A,CO-AUTHOR,Jing Jie Tan,Universiti Tunku Abdul Rahman,Kwan Ban Hoe,Universiti Tunku Abdul Rahman,Danny Wee-Kiat Ng,Universiti Tunku Abdul Rahman,Yan-Chai Hum,Universiti Tunku Abdul Rahman,,,PUBLISHED,"SIGNAL PROCESSING ALGORITHMS, ARCHITECTURES, ARRANGEMENTS AND APPLICATIONS (SPA)",,Oct-24,IEEE,CHST,,From 79 To 84,1) Science Citation Index (SCI) 2) Science Citation Index Expanded (SCIE) 3) Scopus 4) ScienceDirect 5) Ei Compendex,,2326-0319,https://doi.org//10.23919/SPA61993.2024.10715604,19/5/2025
68,? 16072,Hum Yan Chai,Associate Professor,LKC FES,Academic,"ENGINEERING, GREEN TECHNOLOGY",Few shots learning,invasive ductal carcinoma,meta learning,Model-Agnostic Meta-Learning,deep learning,JOURNAL ARTICLE,INTERNATIONALLY REFEREED JOURNAL,Yes,IMAML-IDCG: OPTIMIZATION-BASED META-LEARNING WITH IMAGENET FEATURE REUSING FOR FEW-SHOT INVASIVE DUCTAL CARCINOMA GRADING,Q1,Q1,,,,CORRESPONDING AUTHOR,Wingates Voon,Universiti Tunku Abdul Rahman,Hum Yan Chai,Universiti Tunku Abdul Rahman,Tee Yee kai,Universiti Tunku Abdul Rahman,Yap Wun She,Universiti Tunku Abdul Rahman,Lai Khin Wee,Universiti Malaysia,PUBLISHED,EXPERT SYSTEMS WITH APPLICATIONS,257,Dec-24,ELSEVIER,CHST,,From 12496 To 12521,1) Science Citation Index (SCI) 2) Science Citation Index Expanded (SCIE) 3) Scopus 4) ScienceDirect 5) Ei Compendex,,0957-4174,https://doi.org/10.1016/j.eswa.2024.124969,19/5/2025
69,? 16072,Hum Yan Chai,Associate Professor,LKC FES,Academic,COMPUTER SCIENCE,Nordic Region,Vehicle Detection,,,,CONFERENCE PROCEEDINGS,FOREIGN CONFERENCE PROCEEDINGS,Yes,VEHICLE DETECTION PERFORMANCE IN NORDIC REGION,,Q3,,,,CO-AUTHOR,Hamam Mokayed,lulea university of technology sweden,Rajkumar Saini,lulea university of technology sweden,Oluwatosin Adewumi,lulea university of technology sweden,Lama Alkhaled,lulea university of technology sweden,Björn Backe,lulea university of technology sweden,PUBLISHED,LECTURE NOTES IN COMPUTER SCIENCE (INCLUDING SUBSERIES LECTURE NOTES IN ARTIFICIAL INTELLIGENCE AND LECTURE NOTES IN BIOINFORMATICS),15322,Dec-24,SPRINGER,CHST,,From 62 To 77,1) Science Citation Index (SCI) 2) Science Citation Index Expanded (SCIE) 3) Social Sciences Citation Index (SSCI) 4) Scopus 5) ScienceDirect 6) Ei Compendex,,0302-9743,https://doi.org/10.1007/978-3-031-78312-8,19/5/2025
70,? 16072,Hum Yan Chai,Associate Professor,LKC FES,Academic,"ENGINEERING, GREEN TECHNOLOGY",Histopathological image,colorectal cancer,deep learning (DL),transfer learning (TL),ensemble learning,JOURNAL ARTICLE,INTERNATIONALLY REFEREED JOURNAL,Yes,ADVANCED DEEP LEARNING FOR MULTI-CLASS COLORECTAL CANCER HISTOPATHOLOGY: INTEGRATING TRANSFER LEARNING AND ENSEMBLE METHODS,Q2,Q2,,,,,Ke Qi,Universiti Tunku Abdul Rahman,Yap Wun She,Universiti Tunku Abdul Rahman,Tee Yee Kai,Universiti Tunku Abdul Rahman,Hum Yan Chai,Universiti Tunku Abdul Rahman,Hua Zheng,University of Finance and Economics,PUBLISHED,QUANTITATIVE IMAGING IN MEDICINE AND SURGERY,15,Feb-25,AMEGROUPS,CHST,3,From 2329 To 2346,1) Science Citation Index (SCI) 2) Science Citation Index Expanded (SCIE) 3) Scopus 4) ScienceDirect 5) Ei Compendex,,2223-4292,https://qims.amegroups.org/article/view/135171/html,4/5/2025
71,? 16072,Hum Yan Chai,Associate Professor,LKC FES,Academic,"ENGINEERING, GREEN TECHNOLOGY",bionic arm,degree of freedom,DoF,hand gestures,motorised,JOURNAL ARTICLE,INTERNATIONALLY REFEREED JOURNAL,Yes,MOTORISED BIONIC ARMS USING SSVEP WITH ENHANCED HAND GESTURE ACCURACY AND RELIABILITY,Q4,Q4,,,,SUBSEQUENT AUTHOR,Jahanzeb Sheikh,Universiti Teknologi Malaysia,Tan Tian Swee,Universiti Teknologi Malaysia,Maheza Irna Mohamad Salim,Universiti Teknologi Malaysia,Michael Loong Peng Tan,Universiti Teknologi Malaysia,Hum Yan Chai,Universiti Tunku Abdul Rahman,PUBLISHED,INTERNATIONAL JOURNAL OF BIOMEDICAL ENGINEERING AND TECHNOLOGY,47,Mar-25,INDERSCIENCE,CHST,4,From 332 To 347,1) Science Citation Index (SCI) 2) Science Citation Index Expanded (SCIE) 3) Scopus 4) ScienceDirect 5) Ei Compendex,,1752-6418,https://www.inderscienceonline.com/doi/abs/10.1504/IJBET.2025.145218,4/5/2025
72,? 16072,Hum Yan Chai,Associate Professor,LKC FES,Academic,"ENGINEERING, GREEN TECHNOLOGY",Chemical exchange saturation transfer,Artificial intelligence,Machine learning,Medical Image Processing,,JOURNAL ARTICLE,INTERNATIONALLY REFEREED JOURNAL,Yes,ARTIFICIAL INTELLIGENCE IN CHEMICAL EXCHANGE SATURATION TRANSFER MAGNETIC RESONANCE IMAGING,Q1,Q1,,,,2ND AUTHOR,Swee Qi Pan,Universiti Tunku Abdul Rahman,Yan Chai Hum,Universiti Tunku Abdul Rahman,Khin Wee Lai,Universiti Tunku Abdul Rahman,Wun-She Yap,Universiti Tunku Abdul Rahman,Yi Zhang,Zhejiang University,PUBLISHED,ARTIFICIAL INTELLIGENCE REVIEW,58,Apr-25,SPRINGER,CHST,,From 210 To 225,1) Science Citation Index (SCI) 2) Science Citation Index Expanded (SCIE) 3) Scopus 4) ScienceDirect 5) Ei Compendex,,0269-2821,https://link.springer.com/article/10.1007/s10462-025-11227-5,4/5/2025
73,? 16072,Hum Yan Chai,Associate Professor,LKC FES,Academic,MEDICAL AND HEALTH SCIENCES,T-staging,colon cancer,CT radiomics,predictive value,,JOURNAL ARTICLE,INTERNATIONALLY REFEREED JOURNAL,Yes,THE PREDICTIVE VALUE OF NON-ENHANCED CT RADIOMICS IN DIFFERENTIATING EARLY AND ADVANCED T-STAGING OF COLON CANCER,Q2,Q2,,,,SUBSEQUENT AUTHOR,Kun Ma,Universiti Teknologi Malaysia,Tian Swee Tan,Universiti Teknologi Malaysia,Jahanzeb Sheikh,Universiti Teknologi Malaysia,Muhammad Amir As' ari,Universiti Teknologi Malaysia,Yan Chai Hum,Universiti Tunku Abdul Rahman,PUBLISHED,MEDICINE,104,May-25,LIPPIONCOTT,CHST,20,From 2454 To 2465,1) Science Citation Index (SCI) 2) Science Citation Index Expanded (SCIE) 3) Scopus 4) ScienceDirect 5) Ei Compendex,,1536-5964,https://doi.org/10.1097/MD.0000000000042454,2/6/2025
74,? 16072,Hum Yan Chai,Associate Professor,LKC FES,Academic,"ENGINEERING, GREEN TECHNOLOGY",rapezoidal Step Scheduler,Model-Agnostic Meta-Learning,Medical Imaging Processing,Machine Learning,Deep Learning,JOURNAL ARTICLE,INTERNATIONALLY REFEREED JOURNAL,Yes,TRAPEZOIDAL STEP SCHEDULER FOR MODEL-AGNOSTIC META-LEARNING IN MEDICAL IMAGING,Q1,,,,,CORRESPONDING AUTHOR,Wingates Voon,Universiti Tunku Abdul Rahman,Hum Yan Chai,Universiti Tunku Abdul Rahman,Tee Yee Kai,Universiti Tunku Abdul Rahman,Yap Wun She,Universiti Tunku Abdul Rahman,Tee Yee Kai,Universiti Tunku Abdul Rahman,PUBLISHED,PATTERN RECOGNITION,161,May-25,PERGAMON,CHST,,From 11131 To 11150,1) Science Citation Index (SCI) 2) Science Citation Index Expanded (SCIE) 3) Scopus 4) ScienceDirect 5) Ei Compendex,,1873-5142,https://doi.org/10.1016/j.patcog.2024.111316,4/5/2025
75,? 16072,Hum Yan Chai,Associate Professor,LKC FES,Academic,"ENGINEERING, GREEN TECHNOLOGY",deep learning,cartoon characters,human detection,,,JOURNAL ARTICLE,INTERNATIONALLY REFEREED JOURNAL,Yes,IMPROVING HUMAN DETECTION IN THE PRESENCE OF CARTOON CHARACTERS USING RETRAINED DEEP LEARNING MODELS,Q3,Q2,,,,2ND AUTHOR,Wei Jie Tiong,Universiti Tunku Abdul Rahman,Yan Chai Hum,Universiti Tunku Abdul Rahman,Ying Loong Lee,Universiti Tunku Abdul Rahman,Khin Wee Lai,Universiti Tunku Abdul Rahman,Kok Lim Yau,Universiti Tunku Abdul Rahman,PUBLISHED,SIGNAL IMAGE AND VIDEO PROCESSING,19,Jun-25,SPRINGER,CHST,6,From 1 To 16,1) Science Citation Index (SCI) 2) Science Citation Index Expanded (SCIE) 3) Scopus 4) ScienceDirect 5) Ei Compendex,,1863-1711,https://doi.org/10.1007/s11760-025-04019-5,4/5/2025
